change_type,company_number,company_name,officer_name,officer_role,appointed_on,resigned_on,date_detected,llm_commentary
Resignation,02676622,ANTARES GLOBAL MANAGEMENT LIMITED,"OLIVER, Gary",director,2023-10-06,2026-06-06,2026-06-19,"**Assessment:**

The resignation of senior director Gary Oliver signals potential strategic shifts or leadership restructuring at Antares Global Management, though the lack of active job postings suggests this may be a planned transition rather than crisis-driven. With 11 active directors still in place, the firm appears stable operationally, but this could represent an opportunity to engage on leadership changes, succession planning support, or if Oliver's departure relates to specific practice areas, to pitch specialized underwriting or risk management solutions those gaps might create."
Resignation,04720429,NUCLEAR RISK INSURERS LIMITED,"WILSON, Matthew Iain",director,2024-07-01,2026-06-11,2026-06-19,"**Assessment:**

The resignation of a senior director at Nuclear Risk Insurers suggests potential internal restructuring or leadership transition, though the stable director count (9 active) indicates no immediate distress. With zero open vacancies, the firm appears to be consolidating rather than expanding, limiting near-term BD opportunities unless the leadership change signals a strategic pivot in underwriting appetite or market focus—worth monitoring for changes in risk appetite or appetite statements over the next 2-3 quarters."
New Appointment,01079593,JMG INSURANCE BROKERS LIMITED,"CUNIS, Andrew Cawton",director,2026-06-12,,2026-06-19,"**Assessment:**

Andrew Cunis's appointment as senior director signals JMG's strategic consolidation within a portfolio of mid-market brokers, likely under a holding structure (evidenced by his concurrent director roles across multiple firms). This suggests JMG may be undergoing operational integration or repositioning rather than standalone growth, with no current recruitment indicating a consolidation/rationalization phase rather than expansion.

**BD Opportunity:** Target JMG for specialist outsourced services (claims management, compliance, data analytics) that support multi-broker portfolios, or explore partnership opportunities if the holding company is acquiring or restructuring regional brokers."
Resignation,11452389,THE ASSOCIATION OF AVERAGE ADJUSTERS,"TOMLINSON, Robert Miles Philip",director,2019-05-08,2026-05-07,2026-06-19,"**Assessment:**

The resignation of a senior director at the Association of Average Adjusters suggests potential leadership transition or strategic shift, though the lack of active job postings indicates no immediate expansion plans. This represents a limited BD opportunity at present, though monitoring for replacement director appointments or strategic repositioning announcements would be prudent, as average adjusting faces evolving claims complexity in marine and specialist lines."
New Appointment,06265337,STARR MANAGING AGENTS LIMITED,"EYRE, Suzanna Louise",secretary,2026-06-01,,2026-06-19,"**Assessment:**

The appointment of a new senior secretary at STARR Managing Agents suggests internal reorganization, though the lack of active job postings indicates this may be a structural adjustment rather than expansion. With no evidence of growth hiring or new business initiatives, there are limited immediate BD opportunities, though a relationship-building conversation could help clarify any strategic shifts or upcoming appetite for new partnerships."
Resignation,06265337,STARR MANAGING AGENTS LIMITED,"BAHIA, Amandeep",secretary,2016-02-24,2026-06-01,2026-06-19,"**Assessment:**

The appointment of a new senior secretary at STARR Managing Agents suggests internal reorganization, though the lack of active job postings indicates this may be a structural adjustment rather than expansion. With no evidence of growth hiring or new business initiatives, there are limited immediate BD opportunities, though a relationship-building conversation could help clarify any strategic shifts or upcoming appetite for new partnerships."
New Appointment,09654797,STARR INTERNATIONAL (EUROPE) LIMITED,"EYRE, Suzanna Louise",secretary,2026-06-01,,2026-06-19,"**Assessment:**

STARR International (Europe) is undergoing leadership transitions in its secretarial function, with an experienced external appointment replacing an internal secretary—suggesting potential governance restructuring or administrative capacity building rather than strategic expansion. The absence of active job postings and no apparent growth signals indicates this is maintenance-level activity, offering limited near-term BD opportunity unless accompanied by underwriting or distribution strategy changes."
Resignation,09654797,STARR INTERNATIONAL (EUROPE) LIMITED,"BAHIA, Amandeep",secretary,2016-03-04,2026-06-01,2026-06-19,"**Assessment:**

STARR International (Europe) is undergoing leadership transitions in its secretarial function, with an experienced external appointment replacing an internal secretary—suggesting potential governance restructuring or administrative capacity building rather than strategic expansion. The absence of active job postings and no apparent growth signals indicates this is maintenance-level activity, offering limited near-term BD opportunity unless accompanied by underwriting or distribution strategy changes."
New Appointment,09295343,HASILWOOD MANAGEMENT SERVICES LIMITED,"BAINES, Janet",director,2026-06-17,,2026-06-19,"**Assessment:**

Hasilwood Management Services is strengthening its governance with Janet Baines' appointment as a senior director, bringing deep experience in specialist risks and university sector operations. The lack of current job postings suggests the firm is not in expansion mode, indicating potential stability or a consolidation phase rather than growth opportunities. **BD angle:** This profile suggests Hasilwood may be positioned for partnership or acquisition discussions in the special risks/niche insurance space, particularly given Baines' university and operations background—worth monitoring for collaboration opportunities in institutional or sector-specific underwriting."
New Appointment,01229676,AMTRUST SPECIALTY LIMITED,"BULLEY, Andrew Michael",director,2021-05-01,,2026-06-19,"**Assessment:**

AMTRUST Specialty Limited's appointment of Andrew Michael Bulley as a senior director signals potential strategic repositioning, though the zero active job postings suggest the firm is consolidating rather than rapidly expanding. Bulley's concurrent directorship at Coln Manor Management Company indicates possible financial or operational restructuring activity, which could reflect either strengthening governance ahead of growth initiatives or managing a more defensive consolidation phase.

**BD Opportunity:** Monitor for potential underwriting capacity changes or appetite shifts; the senior appointment may precede new account openings or product line development, particularly if Coln Manor involvement relates to capital/investment optimization."
Resignation,11429456,BSPOKE LIFESTYLE LTD,"HUNTER, Craig Richard",director,2024-01-23,2026-05-31,2026-06-19,"**Assessment:**

The departure of senior director Craig Hunter suggests potential leadership restructuring at Bspoke Lifestyle, though the stable director count (6 active) and absence of hiring signals indicate this may be an internal transition rather than expansion. With no active recruitment, there's limited near-term BD opportunity, but this could represent a window to engage if the firm is repositioning strategy or refining its underwriting appetite post-leadership change."
New Appointment,SC006851,THE DOMINION INSURANCE COMPANY LIMITED,"MCARTHUR, Anne Mary",secretary,2026-06-01,,2026-06-19,"**Assessment:**

The appointment of Anne Mary McArthur as senior secretary to Dominion suggests organizational consolidation or administrative restructuring rather than growth-focused expansion. With zero active job postings and a stable 6-director board, the firm appears to be in a steady-state or defensive posture—potentially a limited BD opportunity unless this signals preparation for a change in ownership or strategic pivot that hasn't yet manifested in hiring signals."
New Appointment,09925628,TIGERRISK CAPITAL MARKETS & ADVISORY (UK) LIMITED,"DYER, Laura",secretary,2026-05-27,,2026-06-19,"**Assessment:**

TigerRisk appears to be in a consolidation or restructuring phase, with the appointment of a new senior secretary suggesting formalization of governance but no active recruitment signaling growth initiatives. The absence of job postings and no apparent prior directorships for the new secretary indicate this may be a transitional appointment rather than expansion-driven change, limiting immediate BD opportunities."
Resignation,00730577,USAA LIMITED,"BEECKMAN, Dirk Christiane",director,2019-01-31,2026-05-27,2026-06-19,"**USAA Limited - BD Assessment**

The resignation of three senior directors, including what appears to be a significant leadership restructuring, suggests USAA is undergoing material operational changes or potential strategic repositioning in the UK market. With only one active director remaining and zero open vacancies, the firm may be in a contraction or consolidation phase rather than growth mode, limiting near-term BD opportunities. Monitor for follow-up director appointments or public announcements to clarify whether this represents a market exit, merger activity, or internal reorganization."
Resignation,00730577,USAA LIMITED,"GRAVES, Karen Elizabeth",director,2018-10-23,2026-05-27,2026-06-19,"**USAA Limited - BD Assessment**

The resignation of three senior directors, including what appears to be a significant leadership restructuring, suggests USAA is undergoing material operational changes or potential strategic repositioning in the UK market. With only one active director remaining and zero open vacancies, the firm may be in a contraction or consolidation phase rather than growth mode, limiting near-term BD opportunities. Monitor for follow-up director appointments or public announcements to clarify whether this represents a market exit, merger activity, or internal reorganization."
Resignation,00730577,USAA LIMITED,"SCARR, Craig Anthony",director,2015-05-26,2026-05-27,2026-06-19,"**USAA Limited - BD Assessment**

The resignation of three senior directors, including what appears to be a significant leadership restructuring, suggests USAA is undergoing material operational changes or potential strategic repositioning in the UK market. With only one active director remaining and zero open vacancies, the firm may be in a contraction or consolidation phase rather than growth mode, limiting near-term BD opportunities. Monitor for follow-up director appointments or public announcements to clarify whether this represents a market exit, merger activity, or internal reorganization."
Resignation,01469545,KINGFISHER INSURANCE SERVICES LIMITED,"HAVENHAND, Paul Raymond",director,2025-07-31,2026-05-31,2026-06-19,"**Assessment:**

The resignation of a senior director at Kingfisher Insurance Services suggests potential internal restructuring or leadership transition, though the lack of active job postings indicates the firm may not be actively expanding headcount. This could signal either a consolidation phase or a gap in recruitment strategy—worth monitoring for whether a replacement is appointed or if responsibilities are redistributed among remaining leadership.

**BD Opportunity:** Consider outreach to understand if this transition reflects evolving service capabilities, cost-management initiatives, or strategic pivots that might create partnership or placement opportunities."
New Appointment,10965030,HIVE UNDERWRITERS LIMITED,"LANGRAN, David Stewart",director,2026-06-04,,2026-06-19,"**Assessment:**

HIVE Underwriters' appointment of David Stewart Langran as a senior director suggests internal restructuring or leadership expansion, though his lack of other UK directorships indicates this may be a specialist hire rather than a serial operator. With zero active job postings despite 7 active directors, the firm appears stable but not actively scaling, limiting immediate BD opportunities unless the new director signals a strategic pivot—monitor for market announcements regarding new underwriting lines or capital raises."
